{
  "type": "tank",
  "name": "[red]leviafan",
  "hitSize": 28,
  "treadPullOffset": 7,
  "speed": 0.35,
  "rotateSpeed": 0.6,
  "health": 10000,
  "crushDamage": 3,
  "armor": 24,
  "treadRects": [
    {
      "x": 13,
      "y": -38,
      "width": 17,
      "height": 76
    }
  ],
  "singleTarget": false,
  "omniMovement": false,
  "faceTarget": false,
  "weapons": [
    {
      "x": 0,
      "y": 0,
	  "shootY": 5,
      "name": "leviafan-weapon",
      "layerOffset": 0.001,
      "reload": 150,
      "shootY": 15,
	  "heatColor": "f9350f",
      "recoil": 3,
      "rotate": true,
      "rotateSpeed": 0.6,
      "shootSound": "mediumCannon",
      "mirror": false,
      "shootCone": 5,
      "bullet": {
        "type": "basicBulletType",
        "width": 13,
        "height": 13,
        "damage": 90,
        "lifeTime": 100, 
        "collidesTiles": true,
		"pierceBuilding": true,
        "pierceCap": 3,
		"collidesAir": false,
        "collidesGround": true,
        "speed": 10.5,
        "splashDamage": 30,
        "splashDamageRadius": 50,
        "shootEffect": "shootTitan",
        "smokeEffect": "shootSmokeTitan",
        "hitColor": "ffa665",
        "backColor": "ffa665",
        "trailColor": "ffa665",
        "frontColor": "ffffff",
        "trailWidth": 8,
        "trailLength": 29,
        "despawnSound": "dullExplosion",
        "hitEffect": "blastExplosion",
        "despawnEffect": "blastExplosion",
		"fragOnHit": false,
        "fragSpread": 3.5,
		"fragRandomSpread": 0,
        "fragBullets": 8,
        "fragVelocityMin": 1,
        "fragVelocityMax": 1,
        "fragBullet": {
            "type": "basicBulletType",
            "splashDamageRadius": 40,
			"damage": 29,
            "splashDamage": 17,
			"lifeTime": 10,
            "speed": 14,
			"hitColor": "ffa665",
            "backColor": "ffa665",
            "fragSpread": 3.525,
			"fragRandomSpread": 0,
            "fragBullets": 3,
            "fragVelocityMin": 1,
            "fragVelocityMax": 1
            "trailColor": "ffa665",
			"fragOnHit": false,
            "frontColor": "ffffff",
            "trailWidth": 5,
            "trailLength": 6,
            "lifetime": 15
			 "fragBullet": {
            "type": "basicBulletType",
            "splashDamageRadius": 20,
			"damage": 12,
            "splashDamage": 8,
			"lifeTime": 10,
            "speed": 13,
			"hitColor": "ffa665",
            "backColor": "ffa665",
            "trailColor": "ffa665",
            "frontColor": "ffffff",
            "trailWidth": 3,
            "trailLength": 2,
            "lifetime": 15
          }
          }
      }
    }
  ],
  "research": "flame"
}
