{
  "type": "tank",
  "name": "[yellow]flame",
  "hitSize": 24,
  "treadPullOffset": 5,
  "speed": 0.35,
  "rotateSpeed": 0.5,
  "health": 3250,
  "armor": 18,
  "treadRects": [
    {
      "x": 13,
      "y": -38,
      "width": 17,
      "height": 76
    }
  ],
  "singleTarget": false,
  "omniMovement": false,
  "faceTarget": false,
  "weapons": [
    {
      "x": -9.5,
      "y": -7,
      "name": "flame-weapon2",
      "shootSound": "laser",
      "layerOffset": 0.0001,
      "reload": 25,
      "shootY": 10,
      "recoil": 2,
      "rotate": true,
      "rotateSpeed": 1.1,
      "mirror": true,
      "shootCone": 4,
      "cooldownTime": 30,
      "bullet": {
        "width": 16,
        "type": "LaserBulletType",
        "length": 240,
        "damage": 65,
        "pierceBuilding": true,
        "laserAbsorb": true,
        "lifetime": 40,
        "hitColor": "feb380",
        "hitEffect": "hitBulletColor",
        "smokeEffect": "shootSmallSmoke",
        "shootEffect": "lightningCharge"
        "colors": [
          "ec7458aa",
          "ff9c5a",
          "ffffff",
          ]
      }
    },
    {
      "x": 0,
      "y": 0,
      "name": "flame-weapon",
      "layerOffset": 0.001,
      "reload": 85,
      "shootY": 5,
      "recoil": 4,
      "rotate": true,
      "rotateSpeed": 0.8,
      "shootSound": "mediumCannon",
      "mirror": false,
      "shootCone": 5,
      "bullet": {
        "type": "basicBulletType",
        "width": 5,
        "height": 5,
        "damage": 85,
        "lifeTime": 95, 
        "speed": 7.5,
        "splashDamage": 240,
        "splashDamageRadius": 44,
        "shootEffect": "shootTitan",
        "smokeEffect": "shootSmokeTitan",
        "hitColor": "ffa665",
        "backColor": "ffa665",
        "trailColor": "ffa665",
        "frontColor": "ffffff",
        "trailWidth": 4,
        "trailLength": 25,
        "despawnSound": "dullExplosion",
        "hitEffect": "blastExplosion",
        "despawnEffect": "blastExplosion"
      }
    },
    {
      "x": 7,
      "y": 5,
      "name": "armada-weapon2",
      "layerOffset": 0.00001,
      "reload": 25,
      "shootY": 5,
      "recoil": 1,
      "inaccuracy": 6,
      "rotate": true,
      "rotateSpeed": 2.8,
      "shootSound": "lasershoot",
      "mirror": true,
      "shootCone": 12,
      "shoot": {
      "shots": 3,
      "shotDelay": 3
      },
      "bullet": {
        "type": " laserBulletType",
        "buildingDamageMultiplier": 0.7,
        "damage": 15,
        "lifeTime": 35,
        "length": 10,
        "wight":10, 
        "speed": 5.5,
         "colors": [
          "ec7458aa",
          "ff9c5a",
          "ffffff",
          ]
      }
    }
  ],
  "research": "armada"
}
