{
	"name": "graphite_drill",
	"description": "graphite is drilling from the bowels of the earth",
	"type": "GenericCrafter",
	"category": "production",
	"size": 4,
	"hasPower": true,
	"requirements": [
	 {"item": "copper", "amount": 350},
	 {"item": "lead", "amount": 190},
	 {"item": "titanium", "amount": 35}
                    ],
	"consumes": {
         "power": 6,
	},	
    "outputItem": {"item": "graphite","amount": 1}
    "craftTime": 40,
	"updateEffect": "mine",
	"research": "tebriy_drill", 
	"drawer": {
      "type": "DrawMulti",
      "drawers": [	  
          {
          "type": "DrawDefault"
          },
		   {
            "type": "DrawRegion",
            "suffix": "-spinner",
            "rotateSpeed": 2,
            "spinSprite": true
          },
		            {
            "type": "DrawRegion",
            "suffix": "-spinner2",
            "rotateSpeed": 8,
            "spinSprite": true
          }
      ]
    },
}
	