{
    "type": "GenericCrafter",
	"buildCostMultiplier": 0.5,
	"name": "slag-extractor",
    "category": "production",
    "research": "tebriy-expansion-liquid", 
    "requirements": [
      "copper/160",
      "graphite/90",
      "metaglass/70", 
      "silicon/100"
    ],
    "outputLiquid": "slag/0.1",
    "craftTime": 60,
    "size": 3,
    "liquidCapacity": 90,
    "hasLiquids": true,
    "hasPower": true,
    "hasItems": true,
    "craftEffect": "none",
    "consumes": {
      "power": 2.1,
      "items": [
      {"item": "coal", "amount": 1}
      ]
    },
    "drawer": {
      "type": "DrawMulti",
      "drawers": [
          {
          "type": "DrawRegion",
          "suffix": "-bottom"
          }
          {
          "type": "DrawLiquidTile",
          "drawLiquid": "slag"
          },  	  
          {
          "type": "DrawDefault"
          },
          {
            "type": "DrawRegion",
            "suffix": "-rotator",
            "rotateSpeed": 2,
            "spinSprite": true
          },
		  {
            "type": "DrawRegion",
            "suffix": "-top"
          }
      ]
    },
  }