{
	"name": "tebriy drill",
	"description": "powerfull drill",
	"type": "Drill",
	"size": 2,
	"itemCapacity": 25,
	"liquidCapacity": 35,
	"tier": 5,
	"drilltime": 70,
	"liquidBoostIntensity": 1.25,
	"requirements": [
	{"item": "tebriy-alloy", "amount": 15},
	{"item": "copper", "amount": 80},
	{"item": "lead", "amount": 50},	
	{"item": "silicon", "amount": 10}	
	],	
	"consumes": {"power": 0.1,
	"liquid": {
		"liquid": "stteam",
		"amount": 0.2,
	"optional": true,	
	"booster": true}
	},
	"category": "production", 
	"research": "tebriyalloysmelter"
}