{
  "type": "ItemTurret",
  "name": "Collapse",
  "description": "turret from cobalt",
  "health": 850,
  "buildCostMultiplier": 0.25,
  "reload": 60,
  "recoil": 0.6,
  "range": 200,
  "size": 2,
  "consumes": { 
    "coolant": { 
       "amount": 0.1 
    } 
  },
  "shoot": {
    "type": "ShootAlternate",
    "shots": 4,
    "spread": 1,
    "shotDelay": 4,
  },
  "researchCostMultiplier": 0.4,
  "inaccuracy": 3,
  "targetAir": true,
  "targetGround": true,
  "ammoTypes": {
    "silicon-alloy": {
      "speed": 5.5,
      "ammoMultiplier": 8,
      "hitSize": 8,
      "type": "BasicBulletType",
      "width": 13,
      "damage": 54,
      "lifetime": 40,
	  "trailWidth": 2,
      "trailLength": 12,
	  "trailColor": "d0cbc0",
      "height": 7,
    },
    "graphite": {
      "type": "BasicBulletType",
      "width": 8,
      "height": 8,
      "damage": 28,
      "lifetime": 80,
      "speed": 3,
      "hitSize": 5,
      "ammoMultiplier": 6,
	  "trailWidth": 2,
      "trailLength": 9,
	  "trailColor": "abe0e5",
	  "reloadMultiplier": 1.7
    },
    "cobalt": {
      "type": "basicBulletType",
      "height": 8,
      "width": 5,
      "damage": 46,
	  "splashDamageRadius": 45,
	  "hitEffect": "blastExplosion",
	  "splashDamage": 65,
	  "reloadMultiplier": 0.75,
      "speed": 4.5,
	  "trailWidth": 2,
      "trailLength": 12,
	  "trailColor": "aeabe5",
      "lifetime": 55,
      "hitSize": 18,
      "ammoMultiplier": 10,
    },
    "silicon": {
      "type": "BasicBulletType",
      "height": 8,
      "width": 8,
      "damage": 48,
      "speed": 7,
      "lifetime": 34,
      "hitSize": 8,
      "ammoMultiplier": 7, 
	  "trailWidth": 2,
      "trailLength": 12,
	  "trailColor": "d0cbc0",
      "homingPower": 0.9,
      "homingRange": 120
    }
  },
  "requirements": [
    {
      "item": "cobalt",
      "amount": 20
    },
    {
      "item": "silicon",
      "amount": 60
    },
	{
      "item": "tebriy-alloy",
      "amount": 40
    }
  ],
  "category": "turret", 
  "research": "cobalt-furnace"
}
