{
  "type": "ItemTurret",
  "name": "horizon",
  "description": "spectre but",
  "buildCostMultiplier": 0.30,
  "health": 2400,
  "reload": 10,
  "heatColor": "ff2020",
  "shootCone": 20,
  "inaccuracy": 1,
  "recoil": 1.6,
  "size": 4,
  "range": 240,
  "consumes": {
    "coolant": {
      "amount": 0.8
    }
  },
  "coolantMultiplier": 1.25,
  "shoot": {
    "type": "ShootAlternate",
    "shots": 2,
    "spread": 10,
    "barrels": 2,
    "shotDelay": 3
  },
  "maxAmmo": 75,
  "ammoTypes": {
    "blast-compound": {
      "type": "basicBulletType",
      "width": 8,
      "height": 8,
      "shrinkY": 0,
      "splashDamageRadius": 50,
      "splashDamage": 70,
      "ammoMultiplier": 5,
      "hitEffect": "blastExplosion",
      "despawnEffect": "blastExplosion",
      "status": "blasted",
      "statusDuration": 60,
	  "trailWidth": 4,
      "trailLength": 12,
	  "trailColor": "e37d50",
      "damage": 60,
      "speed": 6,
      "lifetime": 40
    },
    "silicon-alloy": {
      "type": "BasicBulletType",
      "frontColor": "6e6e6e",
      "backColor": "a2a3a6",
      "width": 8,
      "height": 10,
      "shrinkY": 0,
      "damage": 150,
      "ammoMultiplier": 5,
	  "reloadMultiplier": 1.35,
	  "trailWidth": 4,
      "trailLength": 18,
	  "trailColor": "ecdbd3",
      "speed": 9,
      "lifetime": 25
    },
    "cobalt": {
      "type": "basicBulletType",
      "width": 8,
	  "frontColor": "1f2468",
	  "backColor": "071242",
      "height": 8,
      "shrinkY": 0,
      "splashDamageRadius": 25,
      "splashDamage": 115,
      "damage": 80,
      "hitEffect": "blastExplosion",
	  "trailWidth": 4,
      "trailLength": 18,
	  "trailColor": "7894ba",
      "despawnEffect": "blastExplosion",
      "ammoMultiplier": 4,
	  "reloadMultiplier": 0.65,
      "lightning": 2,
      "lightningLength": 10,
      "lightningDamage": 25,
      "speed": 8.5,
      "lifetime": 27.5,
    },
  },
  "requirements": [
    "cobalt/280",
    "silicon-alloy/200",
    "tebriy-alloy/300",
    "carbon/150",
	"thorium/100",
	"surge-alloy/100"
  ],
  "shootSound": "shootSmite",
  "category": "turret",
  "research": "carbon-furnace"
}
