{
	"type": "GenericCrafter",
	"name": "boiler",
	"description": "generic steam",
	"liquidCapacity": 80,
	"outputLiquid": {"liquid": "stteam", "amount": 1.1},
	"size": 2,
	"hasPower": true,
	"hasLiquids": true,
	"craftTime": 40,
	"updateEffect": "smeltsmoke",
	"consumes": {
		"item": "coal", 
		"liquid":
		{"liquid": "water","amount": 0.45} 
	},
	"requirements": [
		{ "item": "silicon", "amount": 10 },
		{ "item": "copper", "amount": 50 },
		{ "item": "lead", "amount": 20 }, 
		{ "item": "graphite", "amount": 30 },
		{ "item": "metaglass", "amount": 20 }

	],
	"category": "crafting",
	"research": "tebriy-expansion-liquid", 
	"idleSound": "respawning",
	"idleSoundVolume": 0.5
}