{
	"name": "cobalt furnace",
	"description": "smelting titanium , tebriy and lead to cobalt",
	"type": "GenericCrafter",
	"buildCostMultiplier": 0.45,
	"size": 3,
	"hasPower": true,
	"hasItems": true,
	"itemCapacity": 60,
	"requirements": [
	{"item": "copper", "amount": 275},
	{"item": "silicon-alloy", "amount": 130},
	{"item": "tebriy-alloy", "amount": 80},
	{"item": "graphite", "amount": 160}
                    ],
    "consumes": {
		"power": 1.8,
		"items": {
			"items": [
				{ "item": "titanium", "amount": 9},
				{ "item": "tebriy", "amount": 5},
				{ "item": "lead", "amount": 4}
			]
		},
	  },	
    "drawer": {
    "type": "DrawMulti",
    "drawers": [
    {
    "type": "DrawDefault"
    },
   {
    "type": "DrawFlame",
    "flameRadius": 8,         
    "flameRadiusIn": 5.5,
    "flameRadiusScl": 4.5,  
    "flameRadiusMag": 2.5,    
    "flameRadiusInMag": 1.7
   }
               ]
          },
    "outputItem": {"item": "cobalt", "amount": 10},	
	"craftTime": 240,
	"idleSound": "respawning",
	"updateEffect": "smeltsmoke",
	"craftEffect": "plasticExplosion",
	"idleSoundVolume": 0.95,
	"category": "crafting",
	"research": "silicon-furnace"
}
	