{
	"type": "GenericCrafter",
	"name": "electric-boiler",
	"description": "generic steam",
	"liquidCapacity": 200,
	"outputLiquid": {"liquid": "stteam", "amount": 1.1},
	"size": 2,
	"hasPower": true,
	"hasLiquids": true,
	"craftTime": 60,
	"consumes": {
		"power": 3,
		"liquid":
		{"liquid": "water","amount": 0.5} 
	},
	"requirements": [
		{ "item": "silicon", "amount": 50 },
		{ "item": "copper", "amount": 70 },
		{ "item": "lead", "amount": 80 }, 
		{ "item": "graphite", "amount": 30 },
		{ "item": "metaglass", "amount": 20 }

	],
	  "drawer": {
      "type": "DrawMulti",
      "drawers": [
        {
          "type": "drawRegion",
          "suffix": "-bottom"    
          },
       {
          "type": "DrawLiquidTile",
          "drawLiquid": "water"
        },  
       {
          "type": "DrawLiquidTile",
          "drawLiquid": "stteam"
        },
        {
          "type": "DrawDefault"
        },
        {
            "type": "DrawRegion",
            "suffix": "-topp"
         }
      ]
    },

	"category": "crafting",
	"research": "boiler", 
	"idleSound": "respawning",
	"idleSoundVolume": 0.5
}