{
	"name": "silicon-alloy smelter",
	"description": "Smelting silicon, sand, and coal to silicon-alloy",
	"type": "GenericCrafter",
	"size": 3,
	"buildCostMultiplier": 0.5,
	"hasPower": true,
    "liquidCapacity": 120,
	"hasItems": true,
	"hasLiquid": true,
	"itemCapacity": 20,
	"requirements": [
		{"item": "copper", "amount": 195},
		{"item": "lead", "amount": 90},
		{"item": "silicon", "amount": 175},
		{"item": "graphite", "amount": 65}
	],
	"consumes": {
		"power": 1.8,
		"items": {
			"items": [
				{"item": "silicon", "amount": 4},
				{"item": "tebriy", "amount": 3}
			]
		}
	},	
	"outputItem": {"item": "silicon-alloy", "amount": 6},
	"craftTime": 120,
	"idleSound": "respawning",
	"updateEffect": "smeltsmoke",
	"idleSoundVolume": 0.5,
	"category": "crafting", 
	"research": "tebriyalloysmelter"
}