{
	"name": "tebriy_alloy_smelter",
	"description": "smelting silicon , tebriy and thorium to tebriy_alloy",
	"type": "GenericCrafter",
	"size": 3,
	"hasPower": true,
	"buildCostMultiplier": 0.25,
	"hasItems": true,
	"hasLiquid": true,
	"itemCapacity": 20,
	"liquidCapacity": 120,
	"requirements": [
	{"item": "metaglass", "amount": 30},
	{"item": "copper", "amount": 275},
	{"item": "lead", "amount": 460},
	{"item": "silicon", "amount": 115},
	{"item": "graphite", "amount": 195}
                    ],
"consumes": {
		"power": 1.2,
		"items": {
			"items": [
				{ "item": "copper", "amount": 2},
				{ "item": "tebriy", "amount": 3}
			]
		}
	},	
  "drawer": {
    "type": "DrawMulti",
    "drawers": [
   {
   "type": "DrawDefault"
   },
   {
    "type": "DrawFlame",
    "flameRadius": 6,         
    "flameRadiusIn": 3.5,
    "flameRadiusScl": 4.5,  
    "flameRadiusMag": 2.5,    
    "flameRadiusInMag": 1.7
   }
               ]
          },
    "outputItem": {"item": "tebriy-alloy", "amount": 3},	
	"craftTime": 250,
	"idleSound": "respawning",
	"updateEffect": "smeltsmoke",
	"idleSoundVolume": 0.5,
	"category": "crafting", 
	"research": {
	"parent": "tebriy-expansion"
	        }
}
	