{
	"name": "titanium extractor",
	"description": "Makes titanium from slag, copper and tebriy",
	"type": "GenericCrafter",
	"size": 3,
	"hasPower": true,
	"buildCostMultiplier": 0.5,
	"hasItems": true,
	"itemCapacity": 20,
	"liquidCapacity": 320,
	"hasLiquid": true,
	"requirements": [
	{"item": "metaglass", "amount": 90},
	{"item": "copper", "amount": 175},
	{"item": "titanium", "amount": 60},
	{"item": "silicon-alloy", "amount": 65},
	{"item": "graphite", "amount": 95}
                    ],
"consumes": {
		"power": 1.9,
		"items": {
			"items": [
				{ "item": "copper", "amount": 5},
				{ "item": "tebriy", "amount": 5}
			]
		},
		"liquid": {
			"liquid": "slag",
			"amount": 0.5
		}
	},	
  "drawer": {
    "type": "DrawMulti",
    "drawers": [
	{
          "type": "drawRegion",
          "suffix": "-bottom"    
          },
	{
          "type": "DrawLiquidTile",
          "drawLiquid": "slag"
        },
   {
   "type": "DrawDefault"
   },
   {
    "type": "DrawFlame",
    "flameRadius": 4,         
    "flameRadiusIn": 3.5,
    "flameRadiusScl": 3.5,  
    "flameRadiusMag": 2.5,    
    "flameRadiusInMag": 1.7
   }
               ]
          },
    "outputItem": {"item": "titanium", "amount": 8},	
	"craftTime": 150,
	"idleSound": "respawning",
	"updateEffect": "smeltsmoke",
	"idleSoundVolume": 0.5,
	"category": "crafting", 
	"research": "silicon-furnace"
}
	