{
    "type": "Reconstructor",
    "name": "Teberiy Reconstructor",
    "description": "Upgrades units created in the Basic Factory to the next tier. Units produced by this Reassembly Chamber may be further upgraded.",
    "health": 550,
    "size": 3,
    "constructTime": 900,
    "upgrades": [
        ["warrior", "armada"],
        ["solarizos", "niva"],
    ],
    "consumes": {
        "power": 1.5,
        "items": {
            "items": [
              "silicon/120",
              "graphite/180", 
              "titanium/100",
			  "lead/90"
            ]
        }
    },
    "requirements": [
      "copper/200",
      "lead/100",
      "silicon/80",
      "titanium/80"
    ],
    "category": "units",
    "research": "solarizos-factory"
 }
