{
    "type": "Reconstructor",
    "name": "final refabricator",
    "description": "Upgrades units the max tier"
    "health": 1550,
    "size": 5,
	"hasLiquid": true,
	"liquidCapacity": 120,
    "constructTime": 5400,
    "upgrades": [
        ["flame", "leviafan"],
        ["paradox", "ctulhu"]
    ],
    "consumes": {
        "power": 15.5,
        "items": {
            "items": [
			  "tebriy-alloy/420",
              "silicon-alloy/850",
			  "carbon/100",
			  "cobalt/550"
            ]
			
        },
		"liquid": {"liquid": "cryofluid", "amount": 0.5}
    },
    "requirements": [
      "carbon/300",      
      "silicon-alloy/710",
	  "thorium/240",
      "plastanium/200",
	  "phase-fabric/150",
      "cobalt/220"
    ],
    "category": "units",
    "research": "refabricator"
 }
