{
    "type": "Reconstructor",
    "name": "Teberiy Refabricator",
    "description": "Upgrades units created in the Basic Factory to the next tier. Units produced by this Reassembly Chamber may be further upgraded.",
    "health": 750,
    "size": 5,
    "constructTime": 2700,
    "upgrades": [
        ["armada", "flame"],
		["niva", "paradox"]
    ],
    "consumes": {
        "power": 6.5,
        "items": {
            "items": [
              "silicon/450",
			  "titanium/280", 
			  "metaglass/150",
              "tebriy-alloy/220"          
            ]
        }
    },
    "requirements": [
      "lead/500",      
      "silicon/410",
      "titanium/600",
      "tebriy-alloy/120"
    ],
    "category": "units",
    "research": "base-reconstructor"
 }
