{
  "type": "unitFactory",
  "name": "base Factory",
  "description": "Creates small and light units which may be upgraded using Reassembly Chambers.",
  "size": 3,
  "consumes": {
    "power": 1.2
  },
  "plans": [
    {
      "unit": "solarizos",
      "requirements": [
       "graphite/30",
       "silicon/25"
           ],
      "time": 1200
    }, 
    {
      "unit": "warrior",
      "requirements": [
        "silicon/50", 
        "graphite/45",
        "lead/100"
           ],
      "time": 1800
    }
  ],
  "requirements": [
    "copper/90",
    "lead/110",
    "silicon/40",
    "graphite/50"
  ],
  "category": "units"
  "research": "tebriy-expansion"
}
